"","Name","position","playerid","PA","R","HR","RBI","SB","AVG","marginal_total_points","adjusted_points","dollar_value"
"1","Mike Trout","outfield","10155",674,109,31,93,21,0.297,20.53155793423,18.33155793423,61.0109758898967
"2","Miguel Cabrera","third_base","1744",648,96,32,105,2,0.317,18.49796038331,16.29796038331,54.3537035491682
"3","Mike Trout","dh","10155",674,109,31,93,21,0.297,17.92611579696,15.72611579696,52.4816885350957
"4","Giancarlo Stanton","outfield","4949",642,95,41,104,7,0.278,17.79281394864,15.59281394864,52.0453058755143
"5","Jose Bautista","outfield","1887",653,99,36,99,5,0.267,17.61343534093,15.41343534093,51.4580843561503
"6","Miguel Cabrera","first_base","1744",648,96,32,105,2,0.317,16.1687595916,13.9687595916,46.7287317352322
"7","Miguel Cabrera","dh","1744",648,96,32,105,2,0.317,16.09735515316,13.89735515316,46.4949790968025
"8","Andrew McCutchen","outfield","9847",650,90,23,86,16,0.301,15.68495099167,13.48495099167,45.1449151098318
"9","Giancarlo Stanton","dh","4949",642,95,41,104,7,0.278,15.18737181137,12.98737181137,43.5160185207132
"10","Jose Bautista","dh","1887",653,99,36,99,5,0.267,15.00799320366,12.80799320366,42.9287970013492
"11","Yasiel Puig","outfield","14225",619,87,22,74,13,0.294,14.6149509374,12.4149509374,41.6421169467208
"12","Troy Tulowitzki","shortstop","3531",601,85,28,92,3,0.303,13.80511033748,11.60511033748,38.9909879542574
"13","Buster Posey","catcher","9166",566,69,19,74,1,0.299,13.80359814789,11.60359814789,38.9860375854261
"14","Adrian Beltre","third_base","639",634,82,24,94,1,0.297,13.68345780111,11.48345780111,38.5927409829287
"15","Edwin Encarnacion","first_base","2151",636,91,35,101,4,0.268,13.27609529771,11.07609529771,37.2591815845571
"16","Edwin Encarnacion","dh","2151",636,91,35,101,4,0.268,13.20469085927,11.00469085927,37.0254289461273
"17","Andrew McCutchen","dh","9847",650,90,23,86,16,0.301,13.0795088544,10.8795088544,36.6156277550308
"18","Paul Goldschmidt","first_base","9218",650,89,31,92,11,0.283,13.04836702686,10.84836702686,36.5136805300117
"19","Anthony Rendon","third_base","12861",646,85,19,71,11,0.279,12.98052484813,10.78052484813,36.2915894580641
"20","Paul Goldschmidt","dh","9218",650,89,31,92,11,0.283,12.97696258842,10.77696258842,36.279927891582
"21","Joe Mauer","catcher","1857",617,73,9,62,3,0.284,12.88449402274,10.68449402274,35.9772188209452
"22","Josh Donaldson","third_base","5038",634,83,27,88,5,0.264,12.79267294298,10.59267294298,35.6766293880431
"23","Carlos Santana","catcher","2396",592,74,21,73,4,0.245,12.74672680395,10.54672680395,35.5262181326847
"24","Anthony Rendon","second_base","12861",646,85,19,71,11,0.279,12.71032048469,10.51032048469,35.4070368413187
"25","Troy Tulowitzki","dh","3531",601,85,28,92,3,0.303,12.64768337562,10.44768337562,35.2019853091086
"26","Adam Jones","outfield","6368",652,79,27,91,7,0.274,12.5686375522,10.3686375522,34.943217504404
"27","Jose Abreu","first_base","15676",611,85,34,98,3,0.283,12.51990164386,10.31990164386,34.7836735403363
"28","Jose Abreu","dh","15676",611,85,34,98,3,0.283,12.44849720542,10.24849720542,34.5499209019065
"29","Robinson Cano","second_base","3269",647,81,18,82,6,0.295,12.43151220345,10.23151220345,34.4943180694922
"30","Shin-Soo Choo","outfield","3174",634,86,16,62,11,0.264,12.4061133261,10.2061133261,34.4111712130302
"31","Ryan Braun","outfield","3410",610,79,24,80,13,0.278,12.40528141364,10.20528141364,34.408447828648
"32","Bryce Harper","outfield","11579",593,78,25,78,10,0.278,12.30138636964,10.10138636964,34.0683325475064
"33","Jose Altuve","second_base","5417",667,84,9,62,35,0.299,12.24118557589,10.04118557589,33.8712566418335
"34","Ian Kinsler","second_base","6195",674,87,16,67,14,0.266,12.23550204776,10.03550204776,33.8526507998858
"35","Christian Yelich","outfield","11477",676,85,14,57,20,0.27,12.22651188476,10.02651188476,33.8232202159183
"36","Yasiel Puig","dh","14225",619,87,22,74,13,0.294,12.00950880013,9.80950880013,33.1128295919197
"37","Charlie Blackmon","outfield","7859",648,82,16,64,22,0.274,11.9772410282,9.7772410282,33.0071964269558
"38","Kole Calhoun","outfield","11200",638,82,20,68,9,0.263,11.94670827949,9.74670827949,32.9072431085711
"39","Hanley Ramirez","shortstop","8001",602,83,20,83,13,0.291,11.94256973216,9.74256973216,32.893694982169
"40","Jayson Werth","outfield","1327",608,78,18,73,7,0.285,11.81796401491,9.61796401491,32.4857803509924
"41","Carlos Gomez","outfield","4881",632,80,22,71,30,0.261,11.65126845027,9.45126845027,31.9400785865022
"42","Jacoby Ellsbury","outfield","4727",630,81,16,64,31,0.271,11.62898616537,9.42898616537,31.8671343410266
"43","Jason Heyward","outfield","4940",611,79,20,69,14,0.27,11.60314162076,9.40314162076,31.7825285290688
"44","Anthony Rizzo","first_base","3473",625,85,30,89,6,0.271,11.54246236854,9.34246236854,31.5838863211858
"45","Steve Pearce","outfield","9957",586,77,23,74,6,0.27,11.50823673976,9.30823673976,31.4718438318948
"46","Matt Holliday","outfield","1873",616,77,20,77,4,0.277,11.47635521303,9.27635521303,31.3674750958173
"47","Anthony Rizzo","dh","3473",625,85,30,89,6,0.271,11.4710579301,9.2710579301,31.350133682756
"48","Pablo Sandoval","third_base","5409",597,76,18,83,1,0.291,11.44251582945,9.24251582945,31.2566970354127
"49","Alex Gordon","outfield","5209",649,79,18,72,9,0.27,11.37737120676,9.17737120676,31.0434367988506
"50","Adrian Beltre","dh","639",634,82,24,94,1,0.297,11.28285257096,9.08285257096,30.7340165305629
"51","Carlos Gonzalez","outfield","7287",530,73,24,77,11,0.282,11.27989939008,9.07989939008,30.7243488707152
"52","Jose Reyes","shortstop","1736",640,86,11,58,22,0.284,11.27016952789,9.07016952789,30.6924967756891
"53","Evan Longoria","third_base","9368",641,78,25,85,3,0.256,11.1324023091,8.9324023091,30.2414960874286
"54","Yoenis Cespedes","outfield","13110",600,75,24,86,7,0.268,11.09991170354,8.89991170354,30.1351334447168
"55","David Ortiz","dh","745",602,84,26,91,1,0.277,11.06568607476,8.86568607476,30.0230909554259
"56","Melky Cabrera","outfield","4022",610,76,14,66,6,0.288,11.06433729674,8.86433729674,30.0186755377331
"57","Matt Carpenter","third_base","8090",631,81,10,51,5,0.276,10.9659623693,8.7659623693,29.6966311474007
"58","Evan Gattis","catcher","11003",574,63,26,77,2,0.243,10.83892033673,8.63892033673,29.2807408896869
"59","Michael Brantley","outfield","4106",637,75,13,72,14,0.29,10.82232157996,8.62232157996,29.2264024861589
"60","Hanley Ramirez","dh","8001",602,83,20,83,13,0.291,10.7851427703,8.5851427703,29.1046923370201
"61","George Springer","outfield","12856",610,78,28,79,15,0.235,10.75557255441,8.55557255441,29.0078900074418
"62","Brian McCann","catcher","4810",518,62,24,70,1,0.251,10.74696863661,8.54696863661,28.9797238523607
"63","Matt Carpenter","second_base","8090",631,81,10,51,5,0.276,10.69575800586,8.49575800586,28.8120785306553
"64","Nolan Arenado","third_base","9777",617,73,20,82,3,0.282,10.62352165496,8.42352165496,28.5756025078433
"65","Anthony Rendon","dh","12861",646,85,19,71,11,0.279,10.57991961798,8.37991961798,28.4328650056984
"66","Hunter Pence","outfield","8252",650,75,19,75,11,0.269,10.57931053915,8.37931053915,28.4308710990641
"67","Freddie Freeman","first_base","5361",651,81,24,83,3,0.284,10.56775344047,8.36775344047,28.3930372841351
"68","Freddie Freeman","dh","5361",651,81,24,83,3,0.284,10.49634900203,8.29634900203,28.1592846457054
"69","Victor Martinez","dh","393",592,78,20,83,3,0.309,10.49008918628,8.29008918628,28.1387922438377
"70","Prince Fielder","first_base","4613",599,81,24,86,1,0.282,10.48010369925,8.28010369925,28.1061033243495
"71","Denard Span","outfield","8347",638,79,5,47,23,0.282,10.43576196308,8.23576196308,27.960944311146
"72","Brett Gardner","outfield","9927",660,81,12,58,21,0.254,10.432422537,8.232422537,27.9500122224119
"73","Prince Fielder","dh","4613",599,81,24,86,1,0.282,10.40869926081,8.20869926081,27.8723506859197
"74","Josh Donaldson","dh","5038",634,83,27,88,5,0.264,10.39206771283,8.19206771283,27.8179049356774
"75","Dustin Pedroia","second_base","8370",621,78,10,68,10,0.283,10.35219134713,8.15219134713,27.687363951153
"76","Torii Hunter","outfield","731",614,73,15,69,4,0.284,10.3515822683,8.1515822683,27.6853700445187
"77","Manny Machado","third_base","11493",609,75,18,69,6,0.271,10.34923816625,8.14923816625,27.6776962913053
"78","Robinson Cano","dh","3269",647,81,18,82,6,0.295,10.30111133674,8.10111133674,27.5201462338718
"79","Kyle Seager","third_base","9785",629,75,21,78,7,0.262,10.29346995176,8.09346995176,27.4951310675971
"80","J.D. Martinez","outfield","6184",584,71,22,80,6,0.273,10.22614463859,8.02614463859,27.27473202896
"81","Jose Reyes","dh","1736",640,86,11,58,22,0.284,10.11274256603,7.91274256603,26.9034941305403
"82","Jose Altuve","dh","5417",667,84,9,62,35,0.299,10.11078470918,7.91078470918,26.8970848062132
"83","Ian Kinsler","dh","6195",674,87,16,67,14,0.266,10.10510118105,7.90510118105,26.8784789642655
"84","Corey Dickerson","outfield","10762",523,69,20,72,10,0.285,10.09271216991,7.89271216991,26.8379217649544
"85","Adam Jones","dh","6368",652,79,27,91,7,0.274,9.96319541493,7.76319541493,26.413930149603
"86","Shin-Soo Choo","dh","3174",634,86,16,62,11,0.264,9.80067118883,7.60067118883,25.8818838582292
"87","Ryan Braun","dh","3410",610,79,24,80,13,0.278,9.79983927637,7.59983927637,25.8791604738469
"88","Bryce Harper","dh","11579",593,78,25,78,10,0.278,9.69594423237,7.49594423237,25.5390451927054
"89","Christian Yelich","dh","11477",676,85,14,57,20,0.27,9.62106974749,7.42106974749,25.2939328611172
"90","Josh Harrison","outfield","8202",615,72,12,60,19,0.28,9.62084691386,7.42084691386,25.2932033833693
"91","Adam Eaton","outfield","11205",636,77,6,49,19,0.27,9.58918822076,7.38918822076,25.1895641250397
"92","Starling Marte","outfield","9241",595,72,14,60,29,0.274,9.5836681042,7.3836681042,25.1714932342306
"93","Adrian Gonzalez","first_base","1908",642,77,24,85,2,0.28,9.52533295403,7.32533295403,24.980524779561
"94","Joey Votto","first_base","4314",601,79,20,70,4,0.28,9.50735262803,7.30735262803,24.9216636116259
"95","Albert Pujols","first_base","1177",614,78,26,87,4,0.269,9.48581004232,7.28581004232,24.8511408772087
"96","Ben Zobrist","outfield","7435",622,75,12,61,9,0.262,9.48233999588,7.28233999588,24.8397811840504
"97","Justin Upton","outfield","5222",605,71,23,74,8,0.253,9.46253243339,7.26253243339,24.7749382962124
"98","Adrian Gonzalez","dh","1908",642,77,24,85,2,0.28,9.45392851559,7.25392851559,24.7467721411312
"99","Joey Votto","dh","4314",601,79,20,70,4,0.28,9.43594818959,7.23594818959,24.6879109731961
"100","Josh Harrison","third_base","8202",615,72,12,60,19,0.28,9.41601000674,7.21601000674,24.622640480934
"101","Albert Pujols","dh","1177",614,78,26,87,4,0.269,9.41440560388,7.21440560388,24.617388238779
"102","Nelson Cruz","outfield","2434",570,70,26,80,5,0.249,9.40910832095,7.20910832095,24.6000468257177
"103","Charlie Blackmon","dh","7859",648,82,16,64,22,0.274,9.37179889093,7.17179889093,24.4779090721547
"104","Kole Calhoun","dh","11200",638,82,20,68,9,0.263,9.34126614222,7.14126614222,24.37795575377
"105","Ryan Zimmerman","third_base","4220",569,69,19,71,3,0.275,9.33674134969,7.13674134969,24.3631431984815
"106","Coco Crisp","outfield","1572",600,76,13,53,20,0.251,9.32993187717,7.12993187717,24.340851416589
"107","Russell Martin","catcher","4616",508,61,16,59,6,0.242,9.23268289412,7.03268289412,24.0224929662015
"108","Jayson Werth","dh","1327",608,78,18,73,7,0.285,9.21252187764,7.01252187764,23.9564929961914
"109","Brian Dozier","second_base","9810",655,78,16,63,16,0.24,9.1450331529,6.9450331529,23.7355590064158
"110","Carlos Gomez","dh","4881",632,80,22,71,30,0.261,9.045826313,6.845826313,23.4107912317012
"111","Pablo Sandoval","dh","5409",597,76,18,83,1,0.291,9.0419105993,6.8419105993,23.397972583047
"112","Jacoby Ellsbury","dh","4727",630,81,16,64,31,0.271,9.0235440281,6.8235440281,23.3378469862255
"113","Ben Zobrist","second_base","7435",622,75,12,61,9,0.262,9.00729872532,6.80729872532,23.2846656648696
"114","Jason Heyward","dh","4940",611,79,20,69,14,0.27,8.99769948349,6.79769948349,23.2532411742678
"115","Steve Pearce","first_base","9957",586,77,23,74,6,0.27,8.97419904093,6.77419904093,23.1763091155235
"116","Mark Trumbo","outfield","6876",577,67,29,81,4,0.246,8.96594857712,6.76594857712,23.1493000426144
"117","Brandon Moss","outfield","4467",516,67,28,76,2,0.248,8.94071311134,6.74071311134,23.066688137291
"118","Steve Pearce","dh","9957",586,77,23,74,6,0.27,8.90279460249,6.70279460249,22.9425564770937
"119","Austin Jackson","outfield","9848",633,75,9,51,15,0.256,8.88073515122,6.68073515122,22.870341709366
"120","Matt Holliday","dh","1873",616,77,20,77,4,0.277,8.87091307576,6.67091307576,22.8381877410162
"121","Nick Markakis","outfield","5930",652,71,12,54,4,0.266,8.79051847432,6.59051847432,22.5750045186189
"122","Desmond Jennings","outfield","1965",626,75,14,55,19,0.241,8.78778812707,6.58778812707,22.566066336519
"123","Jorge Soler","outfield","14221",560,66,23,77,4,0.262,8.77305501388,6.57305501388,22.5178353839944
"124","Alex Gordon","dh","5209",649,79,18,72,9,0.27,8.77192906949,6.57192906949,22.5141494440495
"125","Evan Longoria","dh","9368",641,78,25,85,3,0.256,8.73179707895,6.53179707895,22.3827716350629
"126","Carlos Gonzalez","dh","7287",530,73,24,77,11,0.282,8.67445725281,6.47445725281,22.1950615159141
"127","Eric Hosmer","first_base","3516",635,76,19,77,7,0.278,8.65647692681,6.45647692681,22.136200347979
"128","Justin Morneau","first_base","1737",563,72,20,79,2,0.295,8.64726393018,6.44726393018,22.1060402862636
"129","Eric Hosmer","dh","3516",635,76,19,77,7,0.278,8.58507248837,6.38507248837,21.9024477095492
"130","Justin Morneau","dh","1737",563,72,20,79,2,0.295,8.57585949174,6.37585949174,21.8722876478338
"131","Matt Carpenter","dh","8090",631,81,10,51,5,0.276,8.56535713915,6.36535713915,21.837906695035
"132","Yoenis Cespedes","dh","13110",600,75,24,86,7,0.268,8.49446956627,6.29446956627,21.6058460899158
"133","Oswaldo Arcia","outfield","10306",539,65,24,74,4,0.258,8.49386048744,6.29386048744,21.6038521832815
"134","Nori Aoki","outfield","13075",593,70,6,44,18,0.279,8.46615029925,6.26615029925,21.5131389203204
"135","Melky Cabrera","dh","4022",610,76,14,66,6,0.288,8.45889515947,6.25889515947,21.489388182932
"136","Salvador Perez","catcher","7304",479,52,14,58,1,0.274,8.45828608064,6.25828608064,21.4873942762977
"137","Dexter Fowler","outfield","4062",618,74,11,55,13,0.246,8.45147660812,6.25147660812,21.4651024944051
"138","Marcell Ozuna","outfield","10324",614,66,22,76,4,0.255,8.35339571261,6.15339571261,21.1440206596354
"139","David Wright","third_base","3787",576,66,16,65,9,0.275,8.34774497569,6.14774497569,21.1255221644021
"140","Chase Headley","third_base","4720",595,69,17,68,8,0.257,8.32212326471,6.12212326471,21.0416458301922
"141","Neil Walker","second_base","7539",564,67,17,66,3,0.273,8.31955632903,6.11955632903,21.0332425992308
"142","Billy Hamilton","outfield","10199",668,75,8,46,68,0.245,8.28577636751,6.08577636751,20.9226590654356
"143","Nolan Arenado","dh","9777",617,73,20,82,3,0.282,8.22291642481,6.02291642481,20.7168780554776
"144","Travis d'Arnaud","catcher","7739",503,54,17,61,2,0.251,8.22253017961,6.02253017961,20.7156136265912
"145","Dustin Pedroia","dh","8370",621,78,10,68,10,0.283,8.22179048042,6.02179048042,20.7131921155327
"146","Michael Brantley","dh","4106",637,75,13,72,14,0.29,8.21687944269,6.01687944269,20.6971151313579
"147","Matt Kemp","outfield","5631",556,64,20,70,8,0.266,8.17613837332,5.97613837332,20.563743415737
"148","George Springer","dh","12856",610,78,28,79,15,0.235,8.15013041714,5.95013041714,20.4786026526407
"149","Stephen Vogt","catcher","5000",502,54,12,55,2,0.261,8.09635285071,5.89635285071,20.302554099974
"150","Matt Wieters","catcher","4298",476,54,17,57,3,0.246,8.00340582656,5.80340582656,19.998278727127
"151","Buster Posey","dh","9166",566,69,19,74,1,0.299,7.98793301418,5.78793301418,19.9476262635439
"152","Hunter Pence","dh","8252",650,75,19,75,11,0.269,7.97386840188,5.77386840188,19.901583744263
"153","Martin Prado","third_base","3312",631,67,11,63,5,0.274,7.95627432108,5.75627432108,19.8439870052143
"154","Manny Machado","dh","11493",609,75,18,69,6,0.271,7.9486329361,5.7486329361,19.8189718389396
"155","Kyle Seager","dh","9785",629,75,21,78,7,0.262,7.89286472161,5.69286472161,19.6364066152314
"156","Jason Kipnis","second_base","9776",611,71,13,62,20,0.253,7.85863909283,5.65863909283,19.5243641259404
"157","Denard Span","dh","8347",638,79,5,47,23,0.282,7.83031982581,5.63031982581,19.431656956345
"158","Brett Gardner","dh","9927",660,81,12,58,21,0.254,7.82698039973,5.62698039973,19.4207248676108
"159","Pedro Alvarez","third_base","2495",561,65,26,75,6,0.242,7.81359606456,5.61359606456,19.376909332779
"160","Torii Hunter","dh","731",614,73,15,69,4,0.284,7.74614013103,5.54614013103,19.1560826897177
"161","Yan Gomes","catcher","9627",458,51,16,57,2,0.257,7.72225344327,5.52225344327,19.077886202087
"162","Jonathan Lucroy","catcher","7870",424,49,10,48,4,0.282,7.70700346452,5.50700346452,19.0279632162518
"163","Todd Frazier","third_base","785",576,65,22,69,11,0.249,7.66882933083,5.46882933083,18.9029947315923
"164","Elvis Andrus","shortstop","8709",663,76,4,54,28,0.269,7.65479750974,5.45479750974,18.8570595590257
"165","Evan Gattis","outfield","11003",574,63,26,77,2,0.243,7.62869734029,5.42869734029,18.7716169226058
"166","J.D. Martinez","dh","6184",584,71,22,80,6,0.273,7.62070250132,5.42070250132,18.7454446741589
"167","Daniel Murphy","second_base","4316",618,67,9,56,11,0.277,7.59177415547,5.39177415547,18.6507435979292
"168","Michael Cuddyer","outfield","1534",595,64,19,70,7,0.255,7.58117958961,5.38117958961,18.6160607718067
"169","Corey Dickerson","dh","10762",523,69,20,72,10,0.285,7.48727003264,5.28727003264,18.3086344101533
"170","Jay Bruce","outfield","9892",558,64,24,72,8,0.239,7.44440769485,5.24440769485,18.1683184190669
"171","Dustin Ackley","outfield","10099",592,67,13,59,8,0.252,7.42273448878,5.22273448878,18.0973680802255
"172","Leonys Martin","outfield","11846",578,66,10,56,27,0.264,7.3931970641,5.1931970641,18.0006730973615
"173","Aaron Hill","second_base","6104",633,67,16,65,6,0.252,7.28634883922,5.08634883922,17.6508901563721
"174","Chris Carter","first_base","9911",599,74,32,83,4,0.223,7.28005623226,5.08005623226,17.6302904077901
"175","Chris Davis","first_base","9272",551,71,30,79,3,0.242,7.23661760685,5.03661760685,17.4880878567837
"176","Josh Hamilton","outfield","1875",564,64,19,70,4,0.247,7.23058062473,5.03058062473,17.468324932664
"177","Michael Morse","outfield","3035",551,61,20,70,1,0.259,7.21902352605,5.01902352605,17.430491117735
"178","Chris Carter","dh","9911",599,74,32,83,4,0.223,7.20865179382,5.00865179382,17.3965377693604
"179","Chris Davis","dh","9272",551,71,30,79,3,0.242,7.16521316841,4.96521316841,17.2543352183539
"180","Wilson Ramos","catcher","1433",428,46,16,55,1,0.269,7.16425063559,4.96425063559,17.2511842295476
"181","Joe Mauer","first_base","1857",617,73,9,62,3,0.284,7.14023332747,4.94023332747,17.1725601374927
"182","Dee Gordon","second_base","8203",661,72,3,42,53,0.256,7.07804188566,4.87804188566,16.9689675607784
"183","Joe Mauer","dh","1857",617,73,9,62,3,0.284,7.06882888903,4.86882888903,16.9388074990629
"184","Ian Desmond","shortstop","6885",618,68,18,72,18,0.258,7.01887482303,4.81887482303,16.7752757217266
"185","Josh Harrison","dh","8202",615,72,12,60,19,0.28,7.01540477659,4.81540477659,16.7639160285683
"186","Brian Dozier","dh","9810",655,78,16,63,16,0.24,7.01463228619,4.81463228619,16.7613871707955
"187","Carlos Santana","first_base","2396",592,74,21,73,4,0.245,7.00246610868,4.80246610868,16.7215594492322
"188","Michael Bourn","outfield","6387",602,69,5,43,19,0.253,6.99703820539,4.79703820539,16.7037904317468
"189","Adam Eaton","dh","11205",636,77,6,49,19,0.27,6.98374608349,4.78374608349,16.6602767702387
"190","Starling Marte","dh","9241",595,72,14,60,29,0.274,6.97822596693,4.77822596693,16.6422058794295
"191","Adam LaRoche","first_base","1904",592,73,25,77,2,0.239,6.97427746202,4.77427746202,16.629279884061
"192","Xander Bogaerts","third_base","12161",548,64,15,63,5,0.256,6.9686267251,4.7686267251,16.6107813888276
"193","Ryan Zimmerman","dh","4220",569,69,19,71,3,0.275,6.93613611954,4.73613611954,16.5044187461158
"194","Carlos Santana","dh","2396",592,74,21,73,4,0.245,6.93106167024,4.73106167024,16.4878068108025
"195","Adam LaRoche","dh","1904",592,73,25,77,2,0.239,6.90287302358,4.70287302358,16.3955272456312
"196","Chase Utley","second_base","1679",611,65,14,62,7,0.258,6.88996714688,4.68996714688,16.3532780130095
"197","Ben Zobrist","dh","7435",622,75,12,61,9,0.262,6.87689785861,4.67689785861,16.3104938292493
"198","Justin Upton","dh","5222",605,71,23,74,8,0.253,6.85709029612,4.65709029612,16.2456509414113
"199","Nelson Cruz","dh","2434",570,70,26,80,5,0.249,6.80366618368,4.60366618368,16.0707594709166
"200","Gregory Polanco","outfield","12907",567,64,14,54,23,0.25,6.79762920156,4.59762920156,16.0509965467969
"201","Ben Revere","outfield","4712",622,63,3,41,36,0.283,6.78533240369,4.58533240369,16.0107412208095
"202","Wilin Rosario","catcher","8002",343,42,16,51,2,0.279,6.73537833769,4.53537833769,15.8472094434731
"203","Coco Crisp","dh","1572",600,76,13,53,20,0.251,6.7244897399,4.5244897399,15.8115640617879
"204","Alejandro De Aza","outfield","3371",525,63,10,48,16,0.263,6.69903144049,4.49903144049,15.7282226787166
"205","Josh Reddick","outfield","3892",541,62,18,66,5,0.247,6.68413491573,4.48413491573,15.6794567750534
"206","Avisail Garcia","outfield","5760",545,59,17,65,9,0.263,6.62210688549,4.42210688549,15.4763991494776
"207","Angel Pagan","outfield","2918",553,62,7,44,18,0.273,6.58184427459,4.38184427459,15.3445937360669
"208","Marcus Semien","third_base","12533",571,65,16,61,9,0.239,6.55326938273,4.35326938273,15.2510497420092
"209","Elvis Andrus","dh","8709",663,76,4,54,28,0.269,6.49737054788,4.29737054788,15.0680569138769
"210","Mark Trumbo","first_base","6876",577,67,29,81,4,0.246,6.43191087829,4.23191087829,14.8537653262431
"211","Mike Napoli","first_base","3057",547,71,22,73,3,0.244,6.42118569207,4.22118569207,14.8186548956964
"212","Brandon Moss","first_base","4467",516,67,28,76,2,0.248,6.40667541251,4.20667541251,14.7711534209197
"213","Jimmy Rollins","shortstop","971",628,72,13,53,20,0.237,6.40124750922,4.20124750922,14.7533844034342
"214","Devin Mesoraco","catcher","5666",421,46,18,54,2,0.246,6.38204902556,4.18204902556,14.6905354222306
"215","Yadier Molina","catcher","7007",412,43,9,47,2,0.284,6.38108649274,4.18108649274,14.6873844334242
"216","Brandon Belt","first_base","10264",592,67,20,72,7,0.268,6.38009116871,4.18009116871,14.6841260979035
"217","Mark Trumbo","dh","6876",577,67,29,81,4,0.246,6.36050643985,4.16050643985,14.6200126878134
"218","Mike Napoli","dh","3057",547,71,22,73,3,0.244,6.34978125363,4.14978125363,14.5849022572666
"219","Brandon Moss","dh","4467",516,67,28,76,2,0.248,6.33527097407,4.13527097407,14.5374007824899
"220","Aramis Ramirez","third_base","1002",527,58,17,66,2,0.266,6.3319643392,4.1319643392,14.5265760404701
"221","Alexei Ramirez","shortstop","5133",635,67,11,63,17,0.265,6.3186722173,4.1186722173,14.483062378962
"222","Brandon Belt","dh","10264",592,67,20,72,7,0.268,6.30868673027,4.10868673027,14.4503734594737
"223","Brett Lawrie","third_base","5247",513,59,16,60,6,0.263,6.30438477137,4.10438477137,14.4362903819331
"224","Marcus Semien","second_base","12533",571,65,16,61,9,0.239,6.28306501929,4.08306501929,14.3664971252638
"225","Austin Jackson","dh","9848",633,75,9,51,15,0.256,6.27529301395,4.07529301395,14.3410543545649
"226","Wil Myers","outfield","10047",556,60,18,62,8,0.247,6.25057441373,4.05057441373,14.260134482552
"227","Billy Butler","dh","7399",597,68,15,71,1,0.274,6.22399016993,4.02399016993,14.1731071595358
"228","Neil Walker","dh","7539",564,67,17,66,3,0.273,6.18915546232,3.98915546232,14.0590707636105
"229","Nick Markakis","dh","5930",652,71,12,54,4,0.266,6.18507633705,3.98507633705,14.0457171638179
"230","Desmond Jennings","dh","1965",626,75,14,55,19,0.241,6.1823459898,3.9823459898,14.036778981718
"231","Jorge Soler","dh","14221",560,66,23,77,4,0.262,6.16761287661,3.96761287661,13.9885480291933
"232","Yasmani Grandal","catcher","11368",447,48,13,51,2,0.241,6.03205913951,3.83205913951,13.5447934897222
"233","Erick Aybar","shortstop","4082",620,66,8,59,15,0.271,6.02618556896,3.82618556896,13.5255655167409
"234","Lorenzo Cain","outfield","9077",584,60,8,55,21,0.267,5.99821975593,3.79821975593,13.4340154293176
"235","Mike Zunino","catcher","13265",452,49,19,55,3,0.219,5.96200347909,3.76200347909,13.3154562689852
"236","Starlin Castro","shortstop","4579",574,63,12,60,8,0.274,5.95886025579,3.75886025579,13.3051664781038
"237","David Wright","dh","3787",576,66,16,65,9,0.275,5.94713974554,3.74713974554,13.2667977120364
"238","Joc Pederson","outfield","11899",577,62,20,64,19,0.225,5.94575817631,3.74575817631,13.2622749476293
"239","Chase Headley","dh","4720",595,69,17,68,8,0.257,5.92151803456,3.72151803456,13.1829213778265
"240","Oswaldo Arcia","dh","10306",539,65,24,74,4,0.258,5.88841835017,3.68841835017,13.0745648284804
"241","Ian Desmond","dh","6885",618,68,18,72,18,0.258,5.86144786117,3.66144786117,12.9862730765778
"242","Nori Aoki","dh","13075",593,70,6,44,18,0.279,5.86070816198,3.66070816198,12.9838515655193
"243","Javier Baez","second_base","12979",516,63,23,58,12,0.221,5.85085329531,3.65085329531,12.9515902504552
"244","Dexter Fowler","dh","4062",618,74,11,55,13,0.246,5.84603447085,3.64603447085,12.9358151396041
"245","Carlos Beltran","outfield","589",460,56,17,58,3,0.26,5.84029152066,3.64029152066,12.917014771047
"246","J.J. Hardy","shortstop","3797",615,64,17,65,2,0.253,5.81974425898,3.61974425898,12.8497503721505
"247","Maikel Franco","third_base","12179",579,59,19,63,3,0.244,5.81036785078,3.61036785078,12.8190553592966
"248","Lucas Duda","first_base","2502",622,69,24,75,3,0.234,5.77514689797,3.57514689797,12.7037545344849
"249","Logan Morrison","first_base","9205",577,67,20,70,5,0.254,5.76654298017,3.56654298017,12.6755883794038
"250","Marcell Ozuna","dh","10324",614,66,22,76,4,0.255,5.74795357534,3.54795357534,12.6147333048344
"251","Carl Crawford","outfield","1201",498,56,11,51,19,0.273,5.73270359659,3.53270359659,12.5648103189992
"252","Jason Kipnis","dh","9776",611,71,13,62,20,0.253,5.72823822612,3.52823822612,12.5501922903201
"253","Xander Bogaerts","shortstop","12161",548,64,15,63,5,0.256,5.72544845681,3.52544845681,12.5410595816108
"254","Lucas Duda","dh","2502",622,69,24,75,3,0.234,5.70374245953,3.50374245953,12.4700018960551
"255","Logan Morrison","dh","9205",577,67,20,70,5,0.254,5.69513854173,3.49513854173,12.441835740974
"256","Billy Hamilton","dh","10199",668,75,8,46,68,0.245,5.68033423024,3.48033423024,12.3933717106346
"257","Jason Castro","catcher","8722",465,49,12,50,2,0.23,5.6538806068,3.4538806068,12.3067719920425
"258","Jedd Gyorko","second_base","10816",578,60,19,66,4,0.24,5.5816442559,3.3816442559,12.0702959692305
"259","Matt Kemp","dh","5631",556,64,20,70,8,0.266,5.57069623605,3.37069623605,12.0344560609359
"260","Martin Prado","dh","3312",631,67,11,63,5,0.274,5.55566909093,3.35566909093,11.9852625528486
"261","Curtis Granderson","outfield","4747",535,61,19,56,6,0.222,5.48461810648,3.28461810648,11.7526669965909
"262","Daniel Murphy","dh","4316",618,67,9,56,11,0.277,5.46137328876,3.26137328876,11.6765717623089
"263","Luis Valbuena","third_base","4969",574,61,14,58,3,0.239,5.46037796473,3.26037796473,11.6733134267882
"264","Pedro Alvarez","dh","2495",561,65,26,75,6,0.242,5.41299083441,3.21299083441,11.5181848804133
"265","Michael Saunders","outfield","9981",477,58,14,54,10,0.248,5.40929795434,3.20929795434,11.506095709507
"266","Danny Santana","outfield","10322",520,59,7,42,18,0.261,5.40560507427,3.20560507427,11.4940065386007
"267","Jon Jay","outfield","5227",532,56,6,47,8,0.278,5.38740191464,3.18740191464,11.4344158929177
"268","Nick Castellanos","third_base","11737",531,56,13,59,4,0.264,5.35921326798,3.15921326798,11.3421363277465
"269","A.J. Pollock","outfield","9256",544,57,10,51,16,0.262,5.35452506388,3.15452506388,11.3267888213195
"270","Drew Stubbs","outfield","9328",455,56,13,50,17,0.259,5.34492582205,3.14492582205,11.2953643307177
"271","Mike Moustakas","third_base","4892",526,57,17,61,3,0.248,5.32633641722,3.12633641722,11.2345092561483
"272","Shane Victorino","outfield","1677",436,56,10,48,11,0.266,5.31304429532,3.11304429532,11.1909955946402
"273","David Freese","third_base","9549",535,57,12,57,3,0.26,5.28780882954,3.08780882954,11.1083836893167
"274","Todd Frazier","dh","785",576,65,22,69,11,0.249,5.26822410068,3.06822410068,11.0442702792266
"275","Jimmy Rollins","dh","971",628,72,13,53,20,0.237,5.24382054736,3.04382054736,10.9643817582854
"276","Scooter Gennett","second_base","10339",549,57,10,52,8,0.27,5.2300827582,3.0300827582,10.9194091412815
"277","Trevor Plouffe","third_base","7462",515,57,16,60,2,0.248,5.21345121022,3.01345121022,10.8649633910392
"278","Alexei Ramirez","dh","5133",635,67,11,63,17,0.265,5.16124525544,2.96124525544,10.6940597338131
"279","Aaron Hill","dh","6104",633,67,16,65,6,0.252,5.15594797251,2.95594797251,10.6767183207518
"280","Adam Lind","first_base","8027",525,61,19,68,1,0.272,5.14182393815,2.94182393815,10.6304812748615
"281","Adam Lind","dh","8027",525,61,19,68,1,0.272,5.07041949971,2.87041949971,10.3967286364317
"282","Alex Rios","outfield","2090",526,55,10,58,17,0.265,5.05243917371,2.85243917371,10.3378674684966
"283","Evan Gattis","dh","11003",574,63,26,77,2,0.243,5.02325520302,2.82325520302,10.2423295678047
"284","Mookie Betts","outfield","13611",389,52,8,41,16,0.284,5.0090005483,2.8090005483,10.1956649174902
"285","Michael Cuddyer","dh","1534",595,64,19,70,7,0.255,4.97573745234,2.77573745234,10.0867734170056
"286","Marlon Byrd","outfield","950",550,55,17,63,3,0.245,4.96613821051,2.76613821051,10.0553489264037
"287","Dee Gordon","dh","8203",661,72,3,42,53,0.256,4.94764101895,2.74764101895,9.99479572515808
"288","Brian McCann","dh","4810",518,62,24,70,1,0.251,4.9313035029,2.7313035029,9.94131253047845
"289","Arismendy Alcantara","outfield","10711",559,58,14,55,19,0.237,4.92722437763,2.72722437763,9.92795893068578
"290","Howie Kendrick","second_base","4229",551,55,9,58,8,0.275,4.90276140225,2.70276140225,9.84787588313514
"291","Steven Souza","outfield","5667",466,55,16,55,19,0.246,4.89707787412,2.69707787412,9.82927004118747
"292","Javier Baez","shortstop","12979",516,63,23,58,12,0.221,4.87787939046,2.67787939046,9.76642105998377
"293","Erick Aybar","dh","4082",620,66,8,59,15,0.271,4.8687586071,2.6687586071,9.73656287159205
"294","Miguel Montero","catcher","3364",416,43,9,43,2,0.249,4.84721602139,2.64721602139,9.66604013717487
"295","Jay Bruce","dh","9892",558,64,24,72,8,0.239,4.83896555758,2.63896555758,9.6390310642658
"296","Robinson Chirinos","catcher","3142",423,44,12,46,2,0.236,4.83292857546,2.63292857546,9.61926814014605
"297","Jed Lowrie","shortstop","4418",560,61,12,58,1,0.258,4.82410182403,2.62410182403,9.59037250731701
"298","Dustin Ackley","dh","10099",592,67,13,59,8,0.252,4.81729235151,2.61729235151,9.56808072542445
"299","Starlin Castro","dh","4579",574,63,12,60,8,0.274,4.80143329393,2.60143329393,9.51616383295495
"300","Leonys Martin","dh","11846",578,66,10,56,27,0.264,4.78775492683,2.58775492683,9.47138574256043
"301","Carlos Ruiz","catcher","2579",436,41,8,41,4,0.26,4.7828438891,2.5828438891,9.45530875838556
"302","Chase Utley","dh","1679",611,65,14,62,7,0.258,4.75956628017,2.55956628017,9.3791061773892
"303","J.J. Hardy","dh","3797",615,64,17,65,2,0.253,4.66231729712,2.46231729712,9.06074772700167
"304","Matt Dominguez","third_base","4903",564,57,18,63,1,0.23,4.65037395324,2.45037395324,9.02164948318635
"305","Jhonny Peralta","shortstop","1738",574,59,15,64,3,0.256,4.64154720181,2.44154720181,8.9927538503573
"306","Josh Hamilton","dh","1875",564,64,19,70,4,0.247,4.62513848746,2.42513848746,8.9390375778629
"307","Michael Morse","dh","3035",551,61,20,70,1,0.259,4.61358138878,2.41358138878,8.90120376293397
"308","Chris Coghlan","outfield","6878",519,57,8,44,10,0.25,4.60285620256,2.40285620256,8.86609333238724
"309","Xander Bogaerts","dh","12161",548,64,15,63,5,0.256,4.56802149495,2.36802149495,8.75205693646195
"310","Matt Joyce","outfield","3353",488,56,13,53,5,0.241,4.55607815107,2.35607815107,8.71295869264661
"311","Mookie Betts","second_base","13611",389,52,8,41,16,0.284,4.53395927774,2.33395927774,8.64054939830945
"312","Chris Iannetta","catcher","8267",416,46,10,40,3,0.224,4.51482021614,2.31482021614,8.57789494371516
"313","Arismendy Alcantara","second_base","10711",559,58,14,55,19,0.237,4.45218310707,2.25218310707,8.37284341150503
"314","Michael Bourn","dh","6387",602,69,5,43,19,0.253,4.39159606812,2.19159606812,8.17450307694572
"315","Omar Infante","second_base","1609",519,54,7,49,7,0.273,4.37256099603,2.17256099603,8.11218904688053
"316","Derek Norris","catcher","6867",406,42,12,42,3,0.235,4.35554320285,2.15554320285,8.05647886775181
"317","Kolten Wong","second_base","12532",518,55,11,51,17,0.257,4.33968414527,2.13968414527,8.00456197528232
"318","Seth Smith","outfield","7331",462,54,11,50,2,0.249,4.24734619995,2.04734619995,7.70228050906967
"319","David Lough","outfield","7215",517,54,9,50,14,0.254,4.240700139,2.040700139,7.68052367831561
"320","James Loney","first_base","4556",601,61,11,63,3,0.271,4.19491741154,1.99491741154,7.53064737409569
"321","Gregory Polanco","dh","12907",567,64,14,54,23,0.25,4.19218706429,1.99218706429,7.5217091919958
"322","Ben Revere","dh","4712",622,63,3,41,36,0.283,4.17989026642,1.97989026642,7.48145386600839
"323","Marcus Semien","dh","12533",571,65,16,61,9,0.239,4.15266415258,1.95266415258,7.39232528964353
"324","Alex Avila","catcher","7476",392,43,10,40,2,0.23,4.1274286868,1.9274286868,7.30971338432009
"325","James Loney","dh","4556",601,61,11,63,3,0.271,4.1235129731,1.9235129731,7.29689473566592
"326","Brandon Phillips","second_base","791",535,53,12,55,4,0.259,4.10665859149,1.90665859149,7.24171950767571
"327","Matt Adams","first_base","9393",509,57,19,69,3,0.268,4.09940345171,1.89940345171,7.21796877028735
"328","Alejandro De Aza","dh","3371",525,63,10,48,16,0.263,4.09358930322,1.89358930322,7.1989353239155
"329","Josh Reddick","dh","3892",541,62,18,66,5,0.247,4.07869277846,1.87869277846,7.15016942025238
"330","Josmil Pinto","catcher","6806",354,39,10,39,2,0.248,4.04915535378,1.84915535378,7.05347443738836
"331","Matt Adams","dh","9393",509,57,19,69,3,0.268,4.02799901327,1.82799901327,6.98421613185758
"332","Jon Singleton","first_base","10441",588,66,22,67,4,0.214,4.02253831877,1.82253831877,6.9663397676578
"333","Avisail Garcia","dh","5760",545,59,17,65,9,0.263,4.01666474822,1.81666474822,6.94711179467655
"334","Kennys Vargas","dh","12101",527,60,20,69,1,0.25,4.00237730229,1.80237730229,6.90033979764773
"335","Angel Pagan","dh","2918",553,62,7,44,18,0.273,3.97640213732,1.77640213732,6.81530638126581
"336","David DeJesus","outfield","1825",502,56,9,44,6,0.238,3.97306271124,1.77306271124,6.80437429253162
"337","Danny Santana","shortstop","10322",520,59,7,42,18,0.261,3.95758989886,1.75758989886,6.75372182894852
"338","Jon Singleton","dh","10441",588,66,22,67,4,0.214,3.95113388033,1.75113388033,6.73258712922803
"339","Aramis Ramirez","dh","1002",527,58,17,66,2,0.266,3.93135910905,1.73135910905,6.66785158810436
"340","Alcides Escobar","shortstop","6310",601,60,5,50,23,0.26,3.90477486525,1.70477486525,6.58082426508814
"341","Kurt Suzuki","catcher","8259",397,39,6,38,1,0.255,3.90438862005,1.70438862005,6.57955983620173
"342","Brett Lawrie","dh","5247",513,59,16,60,6,0.263,3.90377954122,1.70377954122,6.57756592956743
"343","Kendrys Morales","dh","8610",526,59,16,66,1,0.263,3.90377954122,1.70377954122,6.57756592956743
"344","Colby Rasmus","outfield","9893",473,52,18,56,3,0.233,3.90278421719,1.70278421719,6.57430759404673
"345","Mark Teixeira","first_base","1281",541,63,23,69,2,0.223,3.87950660826,1.67950660826,6.49810501305036
"346","Mark Teixeira","dh","1281",541,63,23,69,2,0.223,3.80810216982,1.60810216982,6.26435237462059
"347","Joe Panik","second_base","11936",599,56,5,47,5,0.255,3.79150341305,1.59150341305,6.21001397109261
"348","DJ LeMahieu","second_base","9874",528,51,5,47,14,0.279,3.75939905269,1.55939905269,6.10491575726721
"349","David Peralta","outfield","2136",458,48,10,49,6,0.27,3.75410176976,1.55410176976,6.08757434420593
"350","Javier Baez","dh","12979",516,63,23,58,12,0.221,3.7204524286,1.5204524286,5.97741841483492
"351","Juan Lagares","outfield","5384",585,53,8,49,12,0.249,3.69191032795,1.49191032795,5.8839817674916
"352","Jed Lowrie","dh","4418",560,61,12,58,1,0.258,3.66667486217,1.46667486217,5.80136986216816
"353","Khris Davis","outfield","9112",419,48,18,54,4,0.247,3.64921140173,1.44921140173,5.74420072754365
"354","Wil Myers","dh","10047",556,60,18,62,8,0.247,3.64513227646,1.44513227646,5.73084712775098
"355","B.J. Upton","outfield","5015",556,56,15,51,17,0.215,3.64240192921,1.44240192921,5.72190894565109
"356","Josh Rutledge","second_base","11167",537,56,9,50,9,0.241,3.62949605251,1.42949605251,5.67965971302938
"357","Jarrod Saltalamacchia","catcher","5557",428,41,13,45,2,0.22,3.5942750997,1.3942750997,5.56435888821768
"358","Gregor Blanco","outfield","3123",551,54,5,43,17,0.249,3.57003495795,1.37003495795,5.48500531841494
"359","Kevin Kiermaier","outfield","11038",490,52,9,48,13,0.248,3.54419041334,1.34419041334,5.40039950645719
"360","Conor Gillaspie","third_base","9009",490,51,11,52,2,0.252,3.52364315166,1.32364315166,5.33313510756072
"361","Emilio Bonifacio","outfield","4054",522,55,4,39,29,0.245,3.49863051951,1.29863051951,5.25125267998517
"362","Jhonny Peralta","dh","1738",574,59,15,64,3,0.256,3.48412023995,1.28412023995,5.20375120520845
"363","Maikel Franco","first_base","12179",579,59,19,63,3,0.244,3.48116705907,1.28116705907,5.19408354536066
"364","Everth Cabrera","shortstop","8155",548,60,5,38,30,0.25,3.46652615915,1.26652615915,5.14615446615977
"365","Jedd Gyorko","dh","10816",578,60,19,66,4,0.24,3.45124338919,1.25124338919,5.09612413361023
"366","Russell Martin","dh","4616",508,61,16,59,6,0.242,3.41701776041,1.21701776041,4.98408164431924
"367","Maikel Franco","dh","12179",579,59,19,63,3,0.244,3.40976262063,1.20976262063,4.96033090693089
"368","Casey McGehee","third_base","6086",559,52,8,54,3,0.252,3.40176778166,1.20176778166,4.93415865848405
"369","Lorenzo Cain","dh","9077",584,60,8,55,21,0.267,3.39277761866,1.19277761866,4.90472807451651
"370","Wilmer Flores","third_base","5827",512,49,15,56,2,0.248,3.36632399522,1.16632399522,4.81812835592445
"371","Ender Inciarte","outfield","4922",506,52,5,35,19,0.254,3.355598809,1.155598809,4.78301792537773
"372","Chris Young","outfield","3882",462,52,15,51,10,0.228,3.34500424314,1.14500424314,4.74833509925518
"373","Joc Pederson","dh","11899",577,62,20,64,19,0.225,3.34031603904,1.14031603904,4.7329875928282
"374","Jordy Mercer","shortstop","6547",564,55,11,56,5,0.255,3.2790604992,1.0790604992,4.53245882502518
"375","Christian Vazquez","catcher","9774",350,38,5,34,3,0.248,3.26794906778,1.06794906778,4.49608396559205
"376","Ike Davis","first_base","8433",508,60,17,59,3,0.239,3.25305254302,1.05305254302,4.44731806192893
"377","Andrelton Simmons","shortstop","10847",580,55,11,53,7,0.254,3.23523562859,1.03523562859,4.38899184513235
"378","Carlos Beltran","dh","589",460,56,17,58,3,0.26,3.23484938339,1.03484938339,4.38772741624594
"379","Alberto Callaspo","third_base","3336",572,51,9,51,3,0.25,3.21022299644,1.01022299644,4.3071094175568
"380","Rene Rivera","catcher","3648",402,39,9,41,1,0.231,3.19124734641,0.99124734641,4.24498991410101
"381","Yonder Alonso","first_base","2530",544,56,14,60,7,0.265,3.18672255388,0.98672255388,4.23017735881253
"382","Ike Davis","dh","8433",508,60,17,59,3,0.239,3.18164810458,0.981648104579999,4.21356542349916
"383","Kevin Pillar","outfield","12434",427,47,8,47,14,0.266,3.13625162232,0.93625162232,4.06495354816564
"384","Carl Crawford","dh","1201",498,56,11,51,19,0.273,3.12726145932,0.92726145932,4.0355229641981
"385","Yonder Alonso","dh","2530",544,56,14,60,7,0.265,3.11531811544,0.91531811544,3.99642472038276
"386","Scooter Gennett","dh","10339",549,57,10,52,8,0.27,3.09968189149,0.89968189149,3.94523730566116
"387","Rajai Davis","outfield","3708",409,48,6,38,28,0.265,3.08343658871,0.88343658871,3.89205598430526
"388","Jose Iglesias","third_base","10231",505,51,5,45,12,0.257,3.06545626271,0.86545626271,3.83319481637017
"389","Luis Valbuena","dh","4969",574,61,14,58,3,0.239,3.05977273458,0.859772734579999,3.81458897442249
"390","Emilio Bonifacio","second_base","4054",522,55,4,39,29,0.245,3.02358924895,0.823589248949999,3.69613716080442
"391","Nick Castellanos","dh","11737",531,56,13,59,4,0.264,2.95860803783,0.75860803783,3.4834118753808
"392","Alberto Callaspo","second_base","3336",572,51,9,51,3,0.25,2.940018633,0.740018633,3.42255680081141
"393","Mike Moustakas","dh","4892",526,57,17,61,3,0.248,2.92573118707,0.725731187069999,3.37578480378259
"394","David Freese","dh","9549",535,57,12,57,3,0.26,2.88720359939,0.68720359939,3.24965923695103
"395","Curtis Granderson","dh","4747",535,61,19,56,6,0.222,2.87917596921,0.679175969209999,3.22337964178987
"396","Trevor Plouffe","dh","7462",515,57,16,60,2,0.248,2.81284598007,0.612845980069999,3.00623893867347
"397","Michael Saunders","dh","9981",477,58,14,54,10,0.248,2.80385581707,0.603855817069999,2.97680835470593
"398","Danny Santana","dh","10322",520,59,7,42,18,0.261,2.800162937,0.600162937,2.96471918379966
"399","Jonathan Schoop","second_base","11265",506,52,15,53,5,0.226,2.78231323136,0.58231323136,2.90628562028875
"400","Jon Jay","dh","5227",532,56,6,47,8,0.278,2.78195977737,0.58195977737,2.90512853811668
"401","Howie Kendrick","dh","4229",551,55,9,58,8,0.275,2.77236053554,0.572360535540001,2.87370404751483
"402","A.J. Pollock","dh","9256",544,57,10,51,16,0.262,2.74908292661,0.54908292661,2.79750146651847
"403","Alcides Escobar","dh","6310",601,60,5,50,23,0.26,2.74734790339,0.54734790339,2.79182161993928
"404","Drew Stubbs","dh","9328",455,56,13,50,17,0.259,2.73948368478,0.53948368478,2.76607697591662
"405","Shane Victorino","dh","1677",436,56,10,48,11,0.266,2.70760215805,0.50760215805,2.66170823983911
"406","Josh Rutledge","shortstop","11167",537,56,9,50,9,0.241,2.65652214766,0.45652214766,2.49449052255792
"407","Salvador Perez","dh","7304",479,52,14,58,1,0.274,2.64262094693,0.44262094693,2.4489829544155
"408","Lonnie Chisenhall","third_base","7571",394,44,12,47,2,0.262,2.55731530776,0.35731530776,2.16972274784331
"409","Asdrubal Cabrera","shortstop","4962",494,54,11,51,7,0.243,2.53638180088,0.33638180088,2.10119392006044
"410","Danny Espinosa","second_base","9219",567,53,13,54,9,0.219,2.46654897409,0.26654897409,1.87258617707135
"411","Alex Rios","dh","2090",526,55,10,58,17,0.265,2.44699703644,0.24699703644,1.80858011369558
"412","Christian Bethancourt","catcher","10028",430,34,9,41,6,0.238,2.41412018568,0.214120185679999,1.70095304209737
"413","Travis d'Arnaud","dh","7739",503,54,17,61,2,0.251,2.4068650459,0.206865045899999,1.67720230470901
"414","Mookie Betts","dh","13611",389,52,8,41,16,0.284,2.40355841103,0.203558411029998,1.66637756268914
"415","Sam Fuld","outfield","8254",511,52,5,42,18,0.232,2.39145165558,0.19145165558,1.62674436773531
"416","Jean Segura","shortstop","5933",513,51,8,46,21,0.262,2.38005796847,0.180057968470001,1.58944550394488
"417","Marlon Byrd","dh","950",550,55,17,63,3,0.245,2.36069607324,0.160696073239999,1.52606157160268
"418","Stephen Vogt","first_base","5000",502,54,12,55,2,0.261,2.35209215544,0.15209215544,1.49789541652154
"419","Arismendy Alcantara","dh","10711",559,58,14,55,19,0.237,2.32178224036,0.121782240359999,1.39867157588472
"420","Everth Cabrera","dh","8155",548,60,5,38,30,0.25,2.30909919729,0.109099197289999,1.35715182101091
"421","Steven Souza","dh","5667",466,55,16,55,19,0.246,2.29163573685,0.0916357368499994,1.2999826863864
"422","Stephen Vogt","dh","5000",502,54,12,55,2,0.261,2.280687717,0.080687717,1.26414277809177
"423","Matt Dominguez","dh","4903",564,57,18,63,1,0.23,2.24976872309,0.0497687230899992,1.16292503082065
"424","Jacob Lamb","third_base","13329",464,45,12,49,3,0.25,2.24819711144,0.0481971114399999,1.15778013537997
"425","Omar Infante","dh","1609",519,54,7,49,7,0.273,2.24216012932,0.04216012932,1.13801721126021
"426","Kolten Wong","dh","12532",518,55,11,51,17,0.257,2.20928327856,0.00928327855999944,1.030390139662
"427","Matt Wieters","dh","4298",476,54,17,57,3,0.246,2.18774069285,-0.0122593071500012,0.95986740524482
"428","Grady Sizemore","outfield","2197",495,47,10,45,7,0.239,2.17875052985,-0.0212494701500008,0.930436821277278
"429","Wilmer Flores","shortstop","5827",512,49,15,56,2,0.248,2.12314572693,-0.0768542730699995,0.748406548707612
"430","Jordy Mercer","dh","6547",564,55,11,56,5,0.255,2.12163353734,-0.0783664626600005,0.743456179876328
"431","Andrelton Simmons","dh","10847",580,55,11,53,7,0.254,2.07780866673,-0.12219133327,0.599989199983491
"432","Chris Coghlan","dh","6878",519,57,8,44,10,0.25,1.99741406529,-0.202585934710001,0.336805977586175
"433","Dioner Navarro","catcher","3179",257,28,7,30,1,0.263,1.98329003093,-0.21670996907,0.29056893169586
"434","Brandon Phillips","dh","791",535,53,12,55,4,0.259,1.97625772478,-0.22374227522,0.267547672055399
"435","Matt Joyce","dh","3353",488,56,13,53,5,0.241,1.9506360138,-0.249363986200001,0.183671337845547
"436","Ryan Doumit","catcher","2113",322,32,9,35,2,0.237,1.93673481307,-0.263265186930001,0.13816376970313
"437","Domonic Brown","outfield","3154",402,41,13,46,5,0.255,1.91792257461,-0.28207742539,0.0765792173858415
"438","Yan Gomes","dh","9627",458,51,16,57,2,0.257,1.90658830956,-0.293411690440001,0.0394748802048105
"439","Jonathan Lucroy","dh","7870",424,49,10,48,4,0.282,1.89133833081,-0.308661669190002,-0.0104481056303924
"440","Juan Uribe","third_base","454",461,43,11,50,2,0.253,1.83322601427,-0.36677398573,-0.200687082552043
"441","Jose Iglesias","shortstop","10231",505,51,5,45,12,0.257,1.82227799442,-0.377722005579999,-0.236526990846669
"442","Joe Panik","dh","11936",599,56,5,47,5,0.255,1.66110254634,-0.538897453660001,-0.764157864527702
"443","Seth Smith","dh","7331",462,54,11,50,2,0.249,1.64190406268,-0.558095937320001,-0.827006845731395
"444","David Lough","dh","7215",517,54,9,50,14,0.254,1.63525800173,-0.564741998270001,-0.848763676485452
"445","DJ LeMahieu","dh","9874",528,51,5,47,14,0.279,1.62899818598,-0.57100181402,-0.869256078353105
"446","Brayan Pena","catcher","3231",348,30,5,32,3,0.25,1.621356801,-0.578643199,-0.894271244627869
"447","Alex Rodriguez","third_base","1274",410,45,12,45,5,0.235,1.59082405229,-0.609175947710001,-0.994224563012593
"448","Josh Rutledge","dh","11167",537,56,9,50,9,0.241,1.4990951858,-0.700904814200001,-1.29451212259094
"449","Brandon Crawford","shortstop","5343",595,52,9,53,5,0.234,1.48262704939,-0.717372950609999,-1.34842292169474
"450","Justin Smoak","first_base","9054",441,52,16,54,1,0.24,1.44975019863,-0.750249801370001,-1.45604999329295
"451","Dalton Pompey","outfield","12797",437,46,7,42,21,0.235,1.44801517541,-0.751984824590001,-1.46172983987213
"452","Asdrubal Cabrera","dh","4962",494,54,11,51,7,0.243,1.37895483902,-0.821045160980001,-1.68780872508842
"453","Justin Smoak","dh","9054",441,52,16,54,1,0.24,1.37834576019,-0.821654239810001,-1.68980263172272
"454","J.P. Arencibia","catcher","697",339,33,13,40,1,0.209,1.37795951499,-0.822040485010001,-1.69106706060912
"455","David DeJesus","dh","1825",502,56,9,44,6,0.238,1.36762057397,-0.832379426030001,-1.72491306226945
"456","Wilson Ramos","dh","1433",428,46,16,55,1,0.269,1.34858550188,-0.85141449812,-1.78722709233464
"457","Francisco Cervelli","catcher","5275",333,30,4,29,3,0.246,1.33317211156,-0.86682788844,-1.83768502930834
"458","Colby Rasmus","dh","9893",473,52,18,56,3,0.233,1.29734207992,-0.90265792008,-1.95497976075434
"459","Jean Segura","dh","5933",513,51,8,46,21,0.262,1.22263100661,-0.97736899339,-2.19955714120397
"460","Nick Swisher","first_base","4599",475,53,14,50,1,0.234,1.17781081197,-1.02218918803,-2.34628245661752
"461","David Peralta","dh","2136",458,48,10,49,6,0.27,1.14865963249,-1.05134036751,-2.44171301059513
"462","Brad Miller","shortstop","12775",418,47,10,42,7,0.248,1.12515918993,-1.07484081007,-2.51864506933939
"463","Conor Gillaspie","dh","9009",490,51,11,52,2,0.252,1.12303792151,-1.07696207849,-2.52558934480498
"464","Tyler Flowers","catcher","9134",325,33,11,35,2,0.208,1.10836423038,-1.09163576962,-2.5736257707202
"465","Nick Swisher","dh","4599",475,53,14,50,1,0.234,1.10640637353,-1.09359362647,-2.58003509504729
"466","Juan Lagares","dh","5384",585,53,8,49,12,0.249,1.08646819068,-1.11353180932,-2.64530558730946
"467","Khris Davis","dh","9112",419,48,18,54,4,0.247,1.04376926446,-1.15623073554,-2.78508662725742
"468","B.J. Upton","dh","5015",556,56,15,51,17,0.215,1.03695979194,-1.16304020806,-2.80737840914997
"469","Casey McGehee","dh","6086",559,52,8,54,3,0.252,1.00116255151,-1.19883744849,-2.92456579388165
"470","Wilmer Flores","dh","5827",512,49,15,56,2,0.248,0.965718765069999,-1.23428123493,-3.04059609644125
"471","Gregor Blanco","dh","3123",551,54,5,43,17,0.249,0.96459282068,-1.23540717932,-3.04428203638612
"472","Jose Ramirez","shortstop","13510",461,48,5,40,20,0.252,0.952812888370001,-1.24718711163,-3.08284532906295
"473","Kevin Kiermaier","dh","11038",490,52,9,48,13,0.248,0.938748276069999,-1.26125172393,-3.12888784834387
"474","Wilin Rosario","dh","8002",343,42,16,51,2,0.279,0.919713203980001,-1.28028679602,-3.19120187840906
"475","Daniel Nava","outfield","5450",326,38,6,33,3,0.265,0.91563407871,-1.28436592129,-3.20455547820173
"476","Emilio Bonifacio","dh","4054",522,55,4,39,29,0.245,0.893188382239999,-1.30681161776,-3.2780346748159
"477","Zack Cozart","shortstop","2616",538,48,9,48,4,0.24,0.87845526905,-1.32154473095,-3.32626562734051
"478","Freddy Galvis","third_base","6609",521,44,11,48,5,0.226,0.8667347588,-1.3332652412,-3.36463439340795
"479","Eric Sogard","second_base","7927",442,44,4,37,13,0.25,0.858130841,-1.341869159,-3.39280054848909
"480","Alberto Callaspo","dh","3336",572,51,9,51,3,0.25,0.809617766289999,-1.39038223371,-3.5516150348089
"481","Ichiro Suzuki","outfield","1101",407,38,4,34,12,0.267,0.777513405930001,-1.42248659407,-3.6567132486343
"482","Ender Inciarte","dh","4922",506,52,5,35,19,0.254,0.75015667173,-1.44984332827,-3.74626942942334
"483","Chris Young","dh","3882",462,52,15,51,10,0.228,0.739562105869999,-1.46043789413,-3.78095225554589
"484","Jose Iglesias","dh","10231",505,51,5,45,12,0.257,0.66485103256,-1.53514896744,-4.02552963599553
"485","Jonathan Schoop","dh","11265",506,52,15,53,5,0.226,0.65191236465,-1.54808763535,-4.06788621533156
"486","Mitch Moreland","first_base","3086",426,48,15,51,2,0.244,0.645043470069999,-1.55495652993,-4.09037252383352
"487","Michael Choice","outfield","11376",349,39,10,38,3,0.243,0.619808004289999,-1.58019199571,-4.17298442915697
"488","Freddy Galvis","second_base","6609",521,44,11,48,5,0.226,0.596530395360001,-1.60346960464,-4.24918701015333
"489","Rickie Weeks","second_base","1849",378,42,10,38,6,0.238,0.575983133679999,-1.62401686632,-4.31645140904981
"490","Andy Dirks","outfield","6453",348,37,8,35,5,0.257,0.57402527683,-1.62597472317,-4.32286073337689
"491","Mitch Moreland","dh","3086",426,48,15,51,2,0.244,0.57363903163,-1.62636096837,-4.32412516226329
"492","Devin Mesoraco","dh","5666",421,46,18,54,2,0.246,0.566383891849999,-1.63361610815,-4.34787589965165
"493","Yadier Molina","dh","7007",412,43,9,47,2,0.284,0.565421359029998,-1.63457864097,-4.35102688845804
"494","Kevin Pillar","dh","12434",427,47,8,47,14,0.266,0.53080948505,-1.66919051495,-4.46433380663542
"495","Geovany Soto","catcher","3707",302,28,9,32,2,0.224,0.49989049114,-1.70010950886,-4.56555155390655
"496","Rajai Davis","dh","3708",409,48,6,38,28,0.265,0.47799445144,-1.72200554856,-4.6372313704958
"497","Adeiny Hechavarria","shortstop","10459",591,47,4,48,9,0.248,0.44784794793,-1.75215205207,-4.73592025999412
